"id";"jahr";"meldewoche";"altersgruppe";"faelle";"inzidenz"
"1";"2020";"10";" 0-4";"1";"0.5"
"4";"2020";"10";" 5-9";"0";"0"
"7";"2020";"10";" 10-14";"1";"0.6"
"10";"2020";"10";" 15-19";"0";"0"
"13";"2020";"10";" 20-24";"3";"1.5"
"16";"2020";"10";" 25-29";"6";"2.1"
"19";"2020";"10";" 30-39";"13";"2.1"
"22";"2020";"10";" 40-49";"7";"1.5"
"25";"2020";"10";" 50-59";"3";"0.6"
"28";"2020";"10";" 60-69";"1";"0.3"
"31";"2020";"10";" 70-79";"0";"0"
"34";"2020";"10";" 80-89";"1";"0.6"
"37";"2020";"10";" 90+";"0";"0"
"40";"2020";"10";" unbekannt";"0";"0"
"43";"2020";"11";" 0-4";"6";"3.1"
"46";"2020";"11";" 5-9";"2";"1.2"
"49";"2020";"11";" 10-14";"1";"0.6"
"52";"2020";"11";" 15-19";"6";"4"
"55";"2020";"11";" 20-24";"18";"8.9"
"58";"2020";"11";" 25-29";"35";"12.5"
"61";"2020";"11";" 30-39";"79";"12.6"
"64";"2020";"11";" 40-49";"47";"10.2"
"67";"2020";"11";" 50-59";"39";"7.4"
"70";"2020";"11";" 60-69";"15";"3.9"
"73";"2020";"11";" 70-79";"8";"2.6"
"76";"2020";"11";" 80-89";"1";"0.6"
"79";"2020";"11";" 90+";"0";"0"
"82";"2020";"11";" unbekannt";"0";"0"
"85";"2020";"12";" 0-4";"8";"4.1"
"88";"2020";"12";" 5-9";"6";"3.5"
"91";"2020";"12";" 10-14";"31";"20"
"94";"2020";"12";" 15-19";"21";"14.2"
"97";"2020";"12";" 20-24";"55";"27.2"
"100";"2020";"12";" 25-29";"98";"35"
"103";"2020";"12";" 30-39";"218";"34.8"
"106";"2020";"12";" 40-49";"151";"32.9"
"109";"2020";"12";" 50-59";"162";"30.9"
"112";"2020";"12";" 60-69";"55";"14.2"
"115";"2020";"12";" 70-79";"29";"9.3"
"118";"2020";"12";" 80-89";"10";"5.5"
"121";"2020";"12";" 90+";"1";"3.3"
"124";"2020";"12";" unbekannt";"0";"0"
"127";"2020";"13";" 0-4";"12";"6.2"
"130";"2020";"13";" 5-9";"10";"5.8"
"133";"2020";"13";" 10-14";"19";"12.2"
"136";"2020";"13";" 15-19";"31";"20.9"
"139";"2020";"13";" 20-24";"110";"54.5"
"142";"2020";"13";" 25-29";"181";"64.6"
"145";"2020";"13";" 30-39";"332";"53"
"148";"2020";"13";" 40-49";"197";"42.9"
"151";"2020";"13";" 50-59";"242";"46.1"
"154";"2020";"13";" 60-69";"123";"31.8"
"157";"2020";"13";" 70-79";"78";"25"
"160";"2020";"13";" 80-89";"39";"21.5"
"163";"2020";"13";" 90+";"5";"16.6"
"166";"2020";"13";" unbekannt";"0";"0"
"169";"2020";"14";" 0-4";"21";"10.9"
"172";"2020";"14";" 5-9";"13";"7.6"
"175";"2020";"14";" 10-14";"20";"12.9"
"178";"2020";"14";" 15-19";"35";"23.6"
"181";"2020";"14";" 20-24";"85";"42.1"
"184";"2020";"14";" 25-29";"104";"37.1"
"187";"2020";"14";" 30-39";"216";"34.5"
"190";"2020";"14";" 40-49";"205";"44.7"
"193";"2020";"14";" 50-59";"207";"39.4"
"196";"2020";"14";" 60-69";"124";"32"
"199";"2020";"14";" 70-79";"100";"32.1"
"202";"2020";"14";" 80-89";"76";"42"
"205";"2020";"14";" 90+";"23";"76.4"
"208";"2020";"14";" unbekannt";"0";"0"
"211";"2020";"15";" 0-4";"15";"7.8"
"214";"2020";"15";" 5-9";"10";"5.8"
"217";"2020";"15";" 10-14";"11";"7.1"
"220";"2020";"15";" 15-19";"31";"20.9"
"223";"2020";"15";" 20-24";"53";"26.2"
"226";"2020";"15";" 25-29";"81";"28.9"
"229";"2020";"15";" 30-39";"184";"29.4"
"232";"2020";"15";" 40-49";"137";"29.8"
"235";"2020";"15";" 50-59";"137";"26.1"
"238";"2020";"15";" 60-69";"71";"18.3"
"241";"2020";"15";" 70-79";"75";"24.1"
"244";"2020";"15";" 80-89";"90";"49.7"
"247";"2020";"15";" 90+";"30";"99.7"
"250";"2020";"15";" unbekannt";"0";"0"
"253";"2020";"16";" 0-4";"5";"2.6"
"256";"2020";"16";" 5-9";"12";"7"
"259";"2020";"16";" 10-14";"7";"4.5"
"262";"2020";"16";" 15-19";"15";"10.1"
"265";"2020";"16";" 20-24";"28";"13.9"
"268";"2020";"16";" 25-29";"61";"21.8"
"271";"2020";"16";" 30-39";"98";"15.7"
"274";"2020";"16";" 40-49";"80";"17.4"
"277";"2020";"16";" 50-59";"102";"19.4"
"280";"2020";"16";" 60-69";"48";"12.4"
"283";"2020";"16";" 70-79";"46";"14.8"
"286";"2020";"16";" 80-89";"49";"27.1"
"289";"2020";"16";" 90+";"21";"69.8"
"292";"2020";"16";" unbekannt";"0";"0"
"295";"2020";"17";" 0-4";"7";"3.6"
"298";"2020";"17";" 5-9";"9";"5.3"
"301";"2020";"17";" 10-14";"11";"7.1"
"304";"2020";"17";" 15-19";"13";"8.8"
"307";"2020";"17";" 20-24";"25";"12.4"
"310";"2020";"17";" 25-29";"40";"14.3"
"313";"2020";"17";" 30-39";"68";"10.9"
"316";"2020";"17";" 40-49";"45";"9.8"
"319";"2020";"17";" 50-59";"76";"14.5"
"322";"2020";"17";" 60-69";"40";"10.3"
"325";"2020";"17";" 70-79";"39";"12.5"
"328";"2020";"17";" 80-89";"48";"26.5"
"331";"2020";"17";" 90+";"14";"46.5"
"334";"2020";"17";" unbekannt";"0";"0"
"337";"2020";"18";" 0-4";"4";"2.1"
"340";"2020";"18";" 5-9";"6";"3.5"
"343";"2020";"18";" 10-14";"4";"2.6"
"346";"2020";"18";" 15-19";"10";"6.7"
"349";"2020";"18";" 20-24";"23";"11.4"
"352";"2020";"18";" 25-29";"23";"8.2"
"355";"2020";"18";" 30-39";"49";"7.8"
"358";"2020";"18";" 40-49";"44";"9.6"
"361";"2020";"18";" 50-59";"57";"10.9"
"364";"2020";"18";" 60-69";"43";"11.1"
"367";"2020";"18";" 70-79";"42";"13.5"
"370";"2020";"18";" 80-89";"36";"19.9"
"373";"2020";"18";" 90+";"7";"23.3"
"376";"2020";"18";" unbekannt";"0";"0"
"379";"2020";"19";" 0-4";"8";"4.1"
"382";"2020";"19";" 5-9";"2";"1.2"
"385";"2020";"19";" 10-14";"3";"1.9"
"388";"2020";"19";" 15-19";"8";"5.4"
"391";"2020";"19";" 20-24";"17";"8.4"
"394";"2020";"19";" 25-29";"18";"6.4"
"397";"2020";"19";" 30-39";"49";"7.8"
"400";"2020";"19";" 40-49";"33";"7.2"
"403";"2020";"19";" 50-59";"34";"6.5"
"406";"2020";"19";" 60-69";"23";"5.9"
"409";"2020";"19";" 70-79";"22";"7.1"
"412";"2020";"19";" 80-89";"21";"11.6"
"415";"2020";"19";" 90+";"11";"36.6"
"418";"2020";"19";" unbekannt";"0";"0"
"421";"2020";"20";" 0-4";"6";"3.1"
"424";"2020";"20";" 5-9";"4";"2.3"
"427";"2020";"20";" 10-14";"7";"4.5"
"430";"2020";"20";" 15-19";"11";"7.4"
"433";"2020";"20";" 20-24";"15";"7.4"
"436";"2020";"20";" 25-29";"19";"6.8"
"439";"2020";"20";" 30-39";"33";"5.3"
"442";"2020";"20";" 40-49";"36";"7.8"
"445";"2020";"20";" 50-59";"25";"4.8"
"448";"2020";"20";" 60-69";"15";"3.9"
"451";"2020";"20";" 70-79";"12";"3.9"
"454";"2020";"20";" 80-89";"10";"5.5"
"457";"2020";"20";" 90+";"4";"13.3"
"460";"2020";"20";" unbekannt";"0";"0"
"463";"2020";"21";" 0-4";"3";"1.6"
"466";"2020";"21";" 5-9";"5";"2.9"
"469";"2020";"21";" 10-14";"11";"7.1"
"472";"2020";"21";" 15-19";"11";"7.4"
"475";"2020";"21";" 20-24";"12";"5.9"
"478";"2020";"21";" 25-29";"16";"5.7"
"481";"2020";"21";" 30-39";"30";"4.8"
"484";"2020";"21";" 40-49";"29";"6.3"
"487";"2020";"21";" 50-59";"22";"4.2"
"490";"2020";"21";" 60-69";"8";"2.1"
"493";"2020";"21";" 70-79";"16";"5.1"
"496";"2020";"21";" 80-89";"16";"8.8"
"499";"2020";"21";" 90+";"3";"10"
"502";"2020";"21";" unbekannt";"0";"0"
"505";"2020";"22";" 0-4";"5";"2.6"
"508";"2020";"22";" 5-9";"11";"6.4"
"511";"2020";"22";" 10-14";"10";"6.4"
"514";"2020";"22";" 15-19";"13";"8.8"
"517";"2020";"22";" 20-24";"19";"9.4"
"520";"2020";"22";" 25-29";"14";"5"
"523";"2020";"22";" 30-39";"30";"4.8"
"526";"2020";"22";" 40-49";"31";"6.8"
"529";"2020";"22";" 50-59";"27";"5.1"
"532";"2020";"22";" 60-69";"16";"4.1"
"535";"2020";"22";" 70-79";"9";"2.9"
"538";"2020";"22";" 80-89";"5";"2.8"
"541";"2020";"22";" 90+";"2";"6.6"
"544";"2020";"22";" unbekannt";"0";"0"
"547";"2020";"23";" 0-4";"12";"6.2"
"550";"2020";"23";" 5-9";"7";"4.1"
"553";"2020";"23";" 10-14";"18";"11.6"
"556";"2020";"23";" 15-19";"12";"8.1"
"559";"2020";"23";" 20-24";"19";"9.4"
"562";"2020";"23";" 25-29";"17";"6.1"
"565";"2020";"23";" 30-39";"35";"5.6"
"568";"2020";"23";" 40-49";"30";"6.5"
"571";"2020";"23";" 50-59";"18";"3.4"
"574";"2020";"23";" 60-69";"5";"1.3"
"577";"2020";"23";" 70-79";"8";"2.6"
"580";"2020";"23";" 80-89";"7";"3.9"
"583";"2020";"23";" 90+";"1";"3.3"
"586";"2020";"23";" unbekannt";"0";"0"
"589";"2020";"24";" 0-4";"33";"17.1"
"592";"2020";"24";" 5-9";"32";"18.7"
"595";"2020";"24";" 10-14";"31";"20"
"598";"2020";"24";" 15-19";"21";"14.2"
"601";"2020";"24";" 20-24";"21";"10.4"
"604";"2020";"24";" 25-29";"35";"12.5"
"607";"2020";"24";" 30-39";"55";"8.8"
"610";"2020";"24";" 40-49";"42";"9.1"
"613";"2020";"24";" 50-59";"28";"5.3"
"616";"2020";"24";" 60-69";"17";"4.4"
"619";"2020";"24";" 70-79";"7";"2.2"
"622";"2020";"24";" 80-89";"8";"4.4"
"625";"2020";"24";" 90+";"5";"16.6"
"628";"2020";"24";" unbekannt";"0";"0"
"631";"2020";"25";" 0-4";"46";"23.8"
"634";"2020";"25";" 5-9";"47";"27.5"
"637";"2020";"25";" 10-14";"42";"27"
"640";"2020";"25";" 15-19";"41";"27.6"
"643";"2020";"25";" 20-24";"29";"14.4"
"646";"2020";"25";" 25-29";"44";"15.7"
"649";"2020";"25";" 30-39";"98";"15.7"
"652";"2020";"25";" 40-49";"72";"15.7"
"655";"2020";"25";" 50-59";"42";"8"
"658";"2020";"25";" 60-69";"24";"6.2"
"661";"2020";"25";" 70-79";"7";"2.2"
"664";"2020";"25";" 80-89";"15";"8.3"
"667";"2020";"25";" 90+";"4";"13.3"
"670";"2020";"25";" unbekannt";"0";"0"
"673";"2020";"26";" 0-4";"26";"13.5"
"676";"2020";"26";" 5-9";"21";"12.3"
"679";"2020";"26";" 10-14";"22";"14.2"
"682";"2020";"26";" 15-19";"10";"6.7"
"685";"2020";"26";" 20-24";"17";"8.4"
"688";"2020";"26";" 25-29";"35";"12.5"
"691";"2020";"26";" 30-39";"68";"10.9"
"694";"2020";"26";" 40-49";"48";"10.5"
"697";"2020";"26";" 50-59";"37";"7.1"
"700";"2020";"26";" 60-69";"16";"4.1"
"703";"2020";"26";" 70-79";"7";"2.2"
"706";"2020";"26";" 80-89";"5";"2.8"
"709";"2020";"26";" 90+";"5";"16.6"
"712";"2020";"26";" unbekannt";"0";"0"
"715";"2020";"27";" 0-4";"11";"5.7"
"718";"2020";"27";" 5-9";"10";"5.8"
"721";"2020";"27";" 10-14";"6";"3.9"
"724";"2020";"27";" 15-19";"15";"10.1"
"727";"2020";"27";" 20-24";"22";"10.9"
"730";"2020";"27";" 25-29";"39";"13.9"
"733";"2020";"27";" 30-39";"52";"8.3"
"736";"2020";"27";" 40-49";"45";"9.8"
"739";"2020";"27";" 50-59";"32";"6.1"
"742";"2020";"27";" 60-69";"12";"3.1"
"745";"2020";"27";" 70-79";"9";"2.9"
"748";"2020";"27";" 80-89";"9";"5"
"751";"2020";"27";" 90+";"3";"10"
"754";"2020";"27";" unbekannt";"0";"0"
"757";"2020";"28";" 0-4";"11";"5.7"
"760";"2020";"28";" 5-9";"16";"9.4"
"763";"2020";"28";" 10-14";"8";"5.2"
"766";"2020";"28";" 15-19";"8";"5.4"
"769";"2020";"28";" 20-24";"16";"7.9"
"772";"2020";"28";" 25-29";"15";"5.4"
"775";"2020";"28";" 30-39";"48";"7.7"
"778";"2020";"28";" 40-49";"26";"5.7"
"781";"2020";"28";" 50-59";"20";"3.8"
"784";"2020";"28";" 60-69";"9";"2.3"
"787";"2020";"28";" 70-79";"8";"2.6"
"790";"2020";"28";" 80-89";"4";"2.2"
"793";"2020";"28";" 90+";"1";"3.3"
"796";"2020";"28";" unbekannt";"0";"0"
"799";"2020";"29";" 0-4";"5";"2.6"
"802";"2020";"29";" 5-9";"6";"3.5"
"805";"2020";"29";" 10-14";"8";"5.2"
"808";"2020";"29";" 15-19";"10";"6.7"
"811";"2020";"29";" 20-24";"16";"7.9"
"814";"2020";"29";" 25-29";"10";"3.6"
"817";"2020";"29";" 30-39";"23";"3.7"
"820";"2020";"29";" 40-49";"22";"4.8"
"823";"2020";"29";" 50-59";"19";"3.6"
"826";"2020";"29";" 60-69";"2";"0.5"
"829";"2020";"29";" 70-79";"3";"1"
"832";"2020";"29";" 80-89";"2";"1.1"
"835";"2020";"29";" 90+";"5";"16.6"
"838";"2020";"29";" unbekannt";"0";"0"
"841";"2020";"30";" 0-4";"7";"3.6"
"844";"2020";"30";" 5-9";"4";"2.3"
"847";"2020";"30";" 10-14";"6";"3.9"
"850";"2020";"30";" 15-19";"16";"10.8"
"853";"2020";"30";" 20-24";"33";"16.3"
"856";"2020";"30";" 25-29";"32";"11.4"
"859";"2020";"30";" 30-39";"43";"6.9"
"862";"2020";"30";" 40-49";"33";"7.2"
"865";"2020";"30";" 50-59";"27";"5.1"
"868";"2020";"30";" 60-69";"14";"3.6"
"871";"2020";"30";" 70-79";"2";"0.6"
"874";"2020";"30";" 80-89";"2";"1.1"
"877";"2020";"30";" 90+";"1";"3.3"
"880";"2020";"30";" unbekannt";"0";"0"
"883";"2020";"31";" 0-4";"16";"8.3"
"886";"2020";"31";" 5-9";"17";"9.9"
"889";"2020";"31";" 10-14";"20";"12.9"
"892";"2020";"31";" 15-19";"24";"16.2"
"895";"2020";"31";" 20-24";"43";"21.3"
"898";"2020";"31";" 25-29";"45";"16.1"
"901";"2020";"31";" 30-39";"58";"9.3"
"904";"2020";"31";" 40-49";"58";"12.6"
"907";"2020";"31";" 50-59";"34";"6.5"
"910";"2020";"31";" 60-69";"9";"2.3"
"913";"2020";"31";" 70-79";"4";"1.3"
"916";"2020";"31";" 80-89";"4";"2.2"
"919";"2020";"31";" 90+";"0";"0"
"922";"2020";"31";" unbekannt";"0";"0"
"925";"2020";"32";" 0-4";"11";"5.7"
"928";"2020";"32";" 5-9";"28";"16.4"
"931";"2020";"32";" 10-14";"41";"26.4"
"934";"2020";"32";" 15-19";"35";"23.6"
"937";"2020";"32";" 20-24";"43";"21.3"
"940";"2020";"32";" 25-29";"35";"12.5"
"943";"2020";"32";" 30-39";"70";"11.2"
"946";"2020";"32";" 40-49";"59";"12.9"
"949";"2020";"32";" 50-59";"38";"7.2"
"952";"2020";"32";" 60-69";"16";"4.1"
"955";"2020";"32";" 70-79";"3";"1"
"958";"2020";"32";" 80-89";"3";"1.7"
"961";"2020";"32";" 90+";"0";"0"
"964";"2020";"32";" unbekannt";"0";"0"
"967";"2020";"33";" 0-4";"12";"6.2"
"970";"2020";"33";" 5-9";"42";"24.6"
"973";"2020";"33";" 10-14";"54";"34.8"
"976";"2020";"33";" 15-19";"40";"27"
"979";"2020";"33";" 20-24";"72";"35.6"
"982";"2020";"33";" 25-29";"53";"18.9"
"985";"2020";"33";" 30-39";"118";"18.9"
"988";"2020";"33";" 40-49";"79";"17.2"
"991";"2020";"33";" 50-59";"49";"9.3"
"994";"2020";"33";" 60-69";"12";"3.1"
"997";"2020";"33";" 70-79";"10";"3.2"
"1000";"2020";"33";" 80-89";"4";"2.2"
"1003";"2020";"33";" 90+";"0";"0"
"1006";"2020";"33";" unbekannt";"0";"0"
"1009";"2020";"34";" 0-4";"17";"8.8"
"1012";"2020";"34";" 5-9";"15";"8.8"
"1015";"2020";"34";" 10-14";"24";"15.5"
"1018";"2020";"34";" 15-19";"27";"18.2"
"1021";"2020";"34";" 20-24";"75";"37.1"
"1024";"2020";"34";" 25-29";"58";"20.7"
"1027";"2020";"34";" 30-39";"112";"17.9"
"1030";"2020";"34";" 40-49";"73";"15.9"
"1033";"2020";"34";" 50-59";"36";"6.9"
"1036";"2020";"34";" 60-69";"16";"4.1"
"1039";"2020";"34";" 70-79";"6";"1.9"
"1042";"2020";"34";" 80-89";"5";"2.8"
"1045";"2020";"34";" 90+";"1";"3.3"
"1048";"2020";"34";" unbekannt";"0";"0"
"1051";"2020";"35";" 0-4";"11";"5.7"
"1054";"2020";"35";" 5-9";"17";"9.9"
"1057";"2020";"35";" 10-14";"19";"12.2"
"1060";"2020";"35";" 15-19";"25";"16.8"
"1063";"2020";"35";" 20-24";"72";"35.6"
"1066";"2020";"35";" 25-29";"93";"33.2"
"1069";"2020";"35";" 30-39";"120";"19.2"
"1072";"2020";"35";" 40-49";"57";"12.4"
"1075";"2020";"35";" 50-59";"36";"6.9"
"1078";"2020";"35";" 60-69";"19";"4.9"
"1081";"2020";"35";" 70-79";"8";"2.6"
"1084";"2020";"35";" 80-89";"2";"1.1"
"1087";"2020";"35";" 90+";"0";"0"
"1090";"2020";"35";" unbekannt";"1";"0"
"1093";"2020";"36";" 0-4";"9";"4.7"
"1096";"2020";"36";" 5-9";"9";"5.3"
"1099";"2020";"36";" 10-14";"14";"9"
"1102";"2020";"36";" 15-19";"46";"31"
"1105";"2020";"36";" 20-24";"92";"45.5"
"1108";"2020";"36";" 25-29";"126";"45"
"1111";"2020";"36";" 30-39";"118";"18.9"
"1114";"2020";"36";" 40-49";"62";"13.5"
"1117";"2020";"36";" 50-59";"27";"5.1"
"1120";"2020";"36";" 60-69";"8";"2.1"
"1123";"2020";"36";" 70-79";"9";"2.9"
"1126";"2020";"36";" 80-89";"1";"0.6"
"1129";"2020";"36";" 90+";"0";"0"
"1132";"2020";"36";" unbekannt";"3";"0"
"1135";"2020";"37";" 0-4";"11";"5.7"
"1138";"2020";"37";" 5-9";"19";"11.1"
"1141";"2020";"37";" 10-14";"20";"12.9"
"1144";"2020";"37";" 15-19";"33";"22.2"
"1147";"2020";"37";" 20-24";"98";"48.5"
"1150";"2020";"37";" 25-29";"89";"31.8"
"1153";"2020";"37";" 30-39";"146";"23.3"
"1156";"2020";"37";" 40-49";"62";"13.5"
"1159";"2020";"37";" 50-59";"56";"10.7"
"1162";"2020";"37";" 60-69";"23";"5.9"
"1165";"2020";"37";" 70-79";"10";"3.2"
"1168";"2020";"37";" 80-89";"9";"5"
"1171";"2020";"37";" 90+";"3";"10"
"1174";"2020";"37";" unbekannt";"0";"0"
"1177";"2020";"38";" 0-4";"14";"7.2"
"1180";"2020";"38";" 5-9";"18";"10.5"
"1183";"2020";"38";" 10-14";"23";"14.8"
"1186";"2020";"38";" 15-19";"44";"29.6"
"1189";"2020";"38";" 20-24";"100";"49.5"
"1192";"2020";"38";" 25-29";"145";"51.8"
"1195";"2020";"38";" 30-39";"212";"33.9"
"1198";"2020";"38";" 40-49";"111";"24.2"
"1201";"2020";"38";" 50-59";"86";"16.4"
"1204";"2020";"38";" 60-69";"46";"11.9"
"1207";"2020";"38";" 70-79";"22";"7.1"
"1210";"2020";"38";" 80-89";"13";"7.2"
"1213";"2020";"38";" 90+";"3";"10"
"1216";"2020";"38";" unbekannt";"3";"0"
"1219";"2020";"39";" 0-4";"8";"4.1"
"1222";"2020";"39";" 5-9";"22";"12.9"
"1225";"2020";"39";" 10-14";"37";"23.8"
"1228";"2020";"39";" 15-19";"67";"45.1"
"1231";"2020";"39";" 20-24";"127";"62.9"
"1234";"2020";"39";" 25-29";"151";"53.9"
"1237";"2020";"39";" 30-39";"243";"38.8"
"1240";"2020";"39";" 40-49";"165";"35.9"
"1243";"2020";"39";" 50-59";"151";"28.8"
"1246";"2020";"39";" 60-69";"60";"15.5"
"1249";"2020";"39";" 70-79";"34";"10.9"
"1252";"2020";"39";" 80-89";"15";"8.3"
"1255";"2020";"39";" 90+";"5";"16.6"
"1258";"2020";"39";" unbekannt";"4";"0"
"1261";"2020";"40";" 0-4";"29";"15"
"1264";"2020";"40";" 5-9";"42";"24.6"
"1267";"2020";"40";" 10-14";"67";"43.1"
"1270";"2020";"40";" 15-19";"115";"77.5"
"1273";"2020";"40";" 20-24";"177";"87.6"
"1276";"2020";"40";" 25-29";"223";"79.6"
"1279";"2020";"40";" 30-39";"329";"52.6"
"1282";"2020";"40";" 40-49";"197";"42.9"
"1285";"2020";"40";" 50-59";"188";"35.8"
"1288";"2020";"40";" 60-69";"83";"21.4"
"1291";"2020";"40";" 70-79";"56";"18"
"1294";"2020";"40";" 80-89";"44";"24.3"
"1297";"2020";"40";" 90+";"2";"6.6"
"1300";"2020";"40";" unbekannt";"2";"0"
"1303";"2020";"41";" 0-4";"49";"25.4"
"1306";"2020";"41";" 5-9";"58";"33.9"
"1309";"2020";"41";" 10-14";"151";"97.2"
"1312";"2020";"41";" 15-19";"186";"125.3"
"1315";"2020";"41";" 20-24";"307";"152"
"1318";"2020";"41";" 25-29";"325";"116"
"1321";"2020";"41";" 30-39";"439";"70.1"
"1324";"2020";"41";" 40-49";"338";"73.6"
"1327";"2020";"41";" 50-59";"288";"54.9"
"1330";"2020";"41";" 60-69";"137";"35.4"
"1333";"2020";"41";" 70-79";"70";"22.5"
"1336";"2020";"41";" 80-89";"49";"27.1"
"1339";"2020";"41";" 90+";"8";"26.6"
"1342";"2020";"41";" unbekannt";"12";"0"
"1345";"2020";"42";" 0-4";"74";"38.3"
"1348";"2020";"42";" 5-9";"93";"54.4"
"1351";"2020";"42";" 10-14";"157";"101.1"
"1354";"2020";"42";" 15-19";"252";"169.8"
"1357";"2020";"42";" 20-24";"363";"179.7"
"1360";"2020";"42";" 25-29";"432";"154.2"
"1363";"2020";"42";" 30-39";"678";"108.3"
"1366";"2020";"42";" 40-49";"512";"111.5"
"1369";"2020";"42";" 50-59";"410";"78.1"
"1372";"2020";"42";" 60-69";"198";"51.2"
"1375";"2020";"42";" 70-79";"107";"34.4"
"1378";"2020";"42";" 80-89";"53";"29.3"
"1381";"2020";"42";" 90+";"12";"39.9"
"1384";"2020";"42";" unbekannt";"15";"0"
"1387";"2020";"43";" 0-4";"81";"41.9"
"1390";"2020";"43";" 5-9";"89";"52"
"1393";"2020";"43";" 10-14";"187";"120.4"
"1396";"2020";"43";" 15-19";"275";"185.3"
"1399";"2020";"43";" 20-24";"548";"271.3"
"1402";"2020";"43";" 25-29";"589";"210.3"
"1405";"2020";"43";" 30-39";"1041";"166.3"
"1408";"2020";"43";" 40-49";"734";"159.9"
"1411";"2020";"43";" 50-59";"701";"133.6"
"1414";"2020";"43";" 60-69";"306";"79.1"
"1417";"2020";"43";" 70-79";"154";"49.4"
"1420";"2020";"43";" 80-89";"120";"66.2"
"1423";"2020";"43";" 90+";"47";"156.2"
"1426";"2020";"43";" unbekannt";"44";"0"
"1429";"2020";"44";" 0-4";"108";"55.9"
"1432";"2020";"44";" 5-9";"148";"86.5"
"1435";"2020";"44";" 10-14";"239";"153.9"
"1438";"2020";"44";" 15-19";"335";"225.7"
"1441";"2020";"44";" 20-24";"578";"286.1"
"1444";"2020";"44";" 25-29";"696";"248.5"
"1447";"2020";"44";" 30-39";"1251";"199.9"
"1450";"2020";"44";" 40-49";"895";"195"
"1453";"2020";"44";" 50-59";"863";"164.4"
"1456";"2020";"44";" 60-69";"446";"115.2"
"1459";"2020";"44";" 70-79";"297";"95.4"
"1462";"2020";"44";" 80-89";"267";"147.4"
"1465";"2020";"44";" 90+";"93";"309.1"
"1468";"2020";"44";" unbekannt";"49";"0"
"1471";"2020";"45";" 0-4";"119";"61.6"
"1474";"2020";"45";" 5-9";"157";"91.8"
"1477";"2020";"45";" 10-14";"255";"164.2"
"1480";"2020";"45";" 15-19";"488";"328.8"
"1483";"2020";"45";" 20-24";"643";"318.3"
"1486";"2020";"45";" 25-29";"782";"279.2"
"1489";"2020";"45";" 30-39";"1424";"227.5"
"1492";"2020";"45";" 40-49";"1047";"228.1"
"1495";"2020";"45";" 50-59";"1040";"198.2"
"1498";"2020";"45";" 60-69";"506";"130.8"
"1501";"2020";"45";" 70-79";"316";"101.5"
"1504";"2020";"45";" 80-89";"251";"138.6"
"1507";"2020";"45";" 90+";"70";"232.6"
"1510";"2020";"45";" unbekannt";"33";"0"
"1513";"2020";"46";" 0-4";"97";"50.2"
"1516";"2020";"46";" 5-9";"174";"101.8"
"1519";"2020";"46";" 10-14";"372";"239.5"
"1522";"2020";"46";" 15-19";"544";"366.6"
"1525";"2020";"46";" 20-24";"772";"382.1"
"1528";"2020";"46";" 25-29";"893";"318.8"
"1531";"2020";"46";" 30-39";"1676";"267.8"
"1534";"2020";"46";" 40-49";"1155";"251.6"
"1537";"2020";"46";" 50-59";"1180";"224.8"
"1540";"2020";"46";" 60-69";"605";"156.3"
"1543";"2020";"46";" 70-79";"377";"121"
"1546";"2020";"46";" 80-89";"319";"176.1"
"1549";"2020";"46";" 90+";"105";"348.9"
"1552";"2020";"46";" unbekannt";"180";"0"
"1555";"2020";"47";" 0-4";"128";"66.2"
"1558";"2020";"47";" 5-9";"242";"141.5"
"1561";"2020";"47";" 10-14";"393";"253"
"1564";"2020";"47";" 15-19";"560";"377.4"
"1567";"2020";"47";" 20-24";"686";"339.6"
"1570";"2020";"47";" 25-29";"826";"294.9"
"1573";"2020";"47";" 30-39";"1604";"256.3"
"1576";"2020";"47";" 40-49";"1262";"274.9"
"1579";"2020";"47";" 50-59";"1184";"225.6"
"1582";"2020";"47";" 60-69";"589";"152.2"
"1585";"2020";"47";" 70-79";"416";"133.6"
"1588";"2020";"47";" 80-89";"345";"190.5"
"1591";"2020";"47";" 90+";"109";"362.2"
"1594";"2020";"47";" unbekannt";"57";"0"
"1597";"2020";"48";" 0-4";"116";"60"
"1600";"2020";"48";" 5-9";"242";"141.5"
"1603";"2020";"48";" 10-14";"391";"251.8"
"1606";"2020";"48";" 15-19";"438";"295.2"
"1609";"2020";"48";" 20-24";"572";"283.1"
"1612";"2020";"48";" 25-29";"641";"228.8"
"1615";"2020";"48";" 30-39";"1367";"218.4"
"1618";"2020";"48";" 40-49";"1175";"256"
"1621";"2020";"48";" 50-59";"1079";"205.6"
"1624";"2020";"48";" 60-69";"588";"151.9"
"1627";"2020";"48";" 70-79";"403";"129.4"
"1630";"2020";"48";" 80-89";"484";"267.2"
"1633";"2020";"48";" 90+";"216";"717.8"
"1636";"2020";"48";" unbekannt";"33";"0"
"1639";"2020";"49";" 0-4";"123";"63.7"
"1642";"2020";"49";" 5-9";"193";"112.9"
"1645";"2020";"49";" 10-14";"291";"187.4"
"1648";"2020";"49";" 15-19";"401";"270.2"
"1651";"2020";"49";" 20-24";"482";"238.6"
"1654";"2020";"49";" 25-29";"531";"189.6"
"1657";"2020";"49";" 30-39";"1213";"193.8"
"1660";"2020";"49";" 40-49";"1043";"227.2"
"1663";"2020";"49";" 50-59";"989";"188.4"
"1666";"2020";"49";" 60-69";"565";"146"
"1669";"2020";"49";" 70-79";"457";"146.7"
"1672";"2020";"49";" 80-89";"539";"297.6"
"1675";"2020";"49";" 90+";"223";"741.1"
"1678";"2020";"49";" unbekannt";"41";"0"
"1681";"2020";"50";" 0-4";"128";"66.2"
"1684";"2020";"50";" 5-9";"217";"126.9"
"1687";"2020";"50";" 10-14";"304";"195.7"
"1690";"2020";"50";" 15-19";"368";"248"
"1693";"2020";"50";" 20-24";"503";"249"
"1696";"2020";"50";" 25-29";"580";"207"
"1699";"2020";"50";" 30-39";"1296";"207.1"
"1702";"2020";"50";" 40-49";"1084";"236.2"
"1705";"2020";"50";" 50-59";"1110";"211.5"
"1708";"2020";"50";" 60-69";"644";"166.4"
"1711";"2020";"50";" 70-79";"480";"154.1"
"1714";"2020";"50";" 80-89";"544";"300.3"
"1717";"2020";"50";" 90+";"248";"824.2"
"1720";"2020";"50";" unbekannt";"19";"0"
"1723";"2020";"51";" 0-4";"145";"75"
"1726";"2020";"51";" 5-9";"218";"127.5"
"1729";"2020";"51";" 10-14";"238";"153.2"
"1732";"2020";"51";" 15-19";"342";"230.5"
"1735";"2020";"51";" 20-24";"484";"239.6"
"1738";"2020";"51";" 25-29";"738";"263.4"
"1741";"2020";"51";" 30-39";"1471";"235"
"1744";"2020";"51";" 40-49";"1172";"255.3"
"1747";"2020";"51";" 50-59";"1233";"234.9"
"1750";"2020";"51";" 60-69";"730";"188.6"
"1753";"2020";"51";" 70-79";"579";"185.9"
"1756";"2020";"51";" 80-89";"646";"356.6"
"1759";"2020";"51";" 90+";"323";"1073.4"
"1762";"2020";"51";" unbekannt";"22";"0"
"1765";"2020";"52";" 0-4";"92";"47.6"
"1768";"2020";"52";" 5-9";"125";"73.1"
"1771";"2020";"52";" 10-14";"149";"95.9"
"1774";"2020";"52";" 15-19";"221";"148.9"
"1777";"2020";"52";" 20-24";"369";"182.7"
"1780";"2020";"52";" 25-29";"529";"188.8"
"1783";"2020";"52";" 30-39";"1127";"180.1"
"1786";"2020";"52";" 40-49";"956";"208.3"
"1789";"2020";"52";" 50-59";"997";"190"
"1792";"2020";"52";" 60-69";"597";"154.3"
"1795";"2020";"52";" 70-79";"534";"171.4"
"1798";"2020";"52";" 80-89";"602";"332.3"
"1801";"2020";"52";" 90+";"250";"830.8"
"1804";"2020";"52";" unbekannt";"18";"0"
"1807";"2020";"53";" 0-4";"59";"30.5"
"1810";"2020";"53";" 5-9";"79";"46.2"
"1813";"2020";"53";" 10-14";"81";"52.2"
"1816";"2020";"53";" 15-19";"183";"123.3"
"1819";"2020";"53";" 20-24";"300";"148.5"
"1822";"2020";"53";" 25-29";"446";"159.2"
"1825";"2020";"53";" 30-39";"833";"133.1"
"1828";"2020";"53";" 40-49";"708";"154.2"
"1831";"2020";"53";" 50-59";"751";"143.1"
"1834";"2020";"53";" 60-69";"506";"130.8"
"1837";"2020";"53";" 70-79";"402";"129.1"
"1840";"2020";"53";" 80-89";"518";"286"
"1843";"2020";"53";" 90+";"232";"771"
"1846";"2020";"53";" unbekannt";"14";"0"
"1849";"2021";"1";" 0-4";"92";"47.6"
"1852";"2021";"1";" 5-9";"100";"58.5"
"1855";"2021";"1";" 10-14";"157";"101.1"
"1858";"2021";"1";" 15-19";"253";"170.5"
"1861";"2021";"1";" 20-24";"439";"217.3"
"1864";"2021";"1";" 25-29";"605";"216"
"1867";"2021";"1";" 30-39";"1235";"197.3"
"1870";"2021";"1";" 40-49";"886";"193"
"1873";"2021";"1";" 50-59";"1131";"215.5"
"1876";"2021";"1";" 60-69";"711";"183.7"
"1879";"2021";"1";" 70-79";"557";"178.8"
"1882";"2021";"1";" 80-89";"691";"381.5"
"1885";"2021";"1";" 90+";"274";"910.6"
"1888";"2021";"1";" unbekannt";"12";"0"
"1891";"2021";"2";" 0-4";"69";"35.7"
"1894";"2021";"2";" 5-9";"105";"61.4"
"1897";"2021";"2";" 10-14";"118";"76"
"1900";"2021";"2";" 15-19";"233";"157"
"1903";"2021";"2";" 20-24";"382";"189.1"
"1906";"2021";"2";" 25-29";"553";"197.4"
"1909";"2021";"2";" 30-39";"1027";"164.1"
"1912";"2021";"2";" 40-49";"772";"168.2"
"1915";"2021";"2";" 50-59";"927";"176.6"
"1918";"2021";"2";" 60-69";"557";"143.9"
"1921";"2021";"2";" 70-79";"444";"142.5"
"1924";"2021";"2";" 80-89";"628";"346.7"
"1927";"2021";"2";" 90+";"261";"867.4"
"1930";"2021";"2";" unbekannt";"21";"0"
"1933";"2021";"3";" 0-4";"64";"33.1"
"1936";"2021";"3";" 5-9";"76";"44.4"
"1939";"2021";"3";" 10-14";"108";"69.5"
"1942";"2021";"3";" 15-19";"126";"84.9"
"1945";"2021";"3";" 20-24";"261";"129.2"
"1948";"2021";"3";" 25-29";"288";"102.8"
"1951";"2021";"3";" 30-39";"710";"113.4"
"1954";"2021";"3";" 40-49";"555";"120.9"
"1957";"2021";"3";" 50-59";"662";"126.1"
"1960";"2021";"3";" 60-69";"370";"95.6"
"1963";"2021";"3";" 70-79";"305";"97.9"
"1966";"2021";"3";" 80-89";"389";"214.8"
"1969";"2021";"3";" 90+";"162";"538.4"
"1972";"2021";"3";" unbekannt";"7";"0"
"1975";"2021";"4";" 0-4";"69";"35.7"
"1978";"2021";"4";" 5-9";"63";"36.8"
"1981";"2021";"4";" 10-14";"84";"54.1"
"1984";"2021";"4";" 15-19";"116";"78.2"
"1987";"2021";"4";" 20-24";"187";"92.6"
"1990";"2021";"4";" 25-29";"268";"95.7"
"1993";"2021";"4";" 30-39";"561";"89.6"
"1996";"2021";"4";" 40-49";"397";"86.5"
"1999";"2021";"4";" 50-59";"495";"94.3"
"2002";"2021";"4";" 60-69";"310";"80.1"
"2005";"2021";"4";" 70-79";"254";"81.5"
"2008";"2021";"4";" 80-89";"288";"159"
"2011";"2021";"4";" 90+";"100";"332.3"
"2014";"2021";"4";" unbekannt";"0";"0"
"2017";"2021";"5";" 0-4";"53";"27.4"
"2020";"2021";"5";" 5-9";"48";"28.1"
"2023";"2021";"5";" 10-14";"61";"39.3"
"2026";"2021";"5";" 15-19";"93";"62.7"
"2029";"2021";"5";" 20-24";"181";"89.6"
"2032";"2021";"5";" 25-29";"206";"73.5"
"2035";"2021";"5";" 30-39";"445";"71.1"
"2038";"2021";"5";" 40-49";"368";"80.2"
"2041";"2021";"5";" 50-59";"398";"75.8"
"2044";"2021";"5";" 60-69";"250";"64.6"
"2047";"2021";"5";" 70-79";"227";"72.9"
"2050";"2021";"5";" 80-89";"267";"147.4"
"2053";"2021";"5";" 90+";"76";"252.6"
"2056";"2021";"5";" unbekannt";"2";"0"
"2059";"2021";"6";" 0-4";"55";"28.5"
"2062";"2021";"6";" 5-9";"71";"41.5"
"2065";"2021";"6";" 10-14";"62";"39.9"
"2068";"2021";"6";" 15-19";"87";"58.6"
"2071";"2021";"6";" 20-24";"137";"67.8"
"2074";"2021";"6";" 25-29";"164";"58.5"
"2077";"2021";"6";" 30-39";"360";"57.5"
"2080";"2021";"6";" 40-49";"279";"60.8"
"2083";"2021";"6";" 50-59";"321";"61.2"
"2086";"2021";"6";" 60-69";"212";"54.8"
"2089";"2021";"6";" 70-79";"155";"49.8"
"2092";"2021";"6";" 80-89";"187";"103.2"
"2095";"2021";"6";" 90+";"63";"209.4"
"2098";"2021";"6";" unbekannt";"2";"0"
"2101";"2021";"7";" 0-4";"61";"31.6"
"2104";"2021";"7";" 5-9";"70";"40.9"
"2107";"2021";"7";" 10-14";"50";"32.2"
"2110";"2021";"7";" 15-19";"84";"56.6"
"2113";"2021";"7";" 20-24";"147";"72.8"
"2116";"2021";"7";" 25-29";"172";"61.4"
"2119";"2021";"7";" 30-39";"399";"63.8"
"2122";"2021";"7";" 40-49";"296";"64.5"
"2125";"2021";"7";" 50-59";"329";"62.7"
"2128";"2021";"7";" 60-69";"207";"53.5"
"2131";"2021";"7";" 70-79";"140";"44.9"
"2134";"2021";"7";" 80-89";"146";"80.6"
"2137";"2021";"7";" 90+";"45";"149.5"
"2140";"2021";"7";" unbekannt";"4";"0"
"2143";"2021";"8";" 0-4";"98";"50.7"
"2146";"2021";"8";" 5-9";"81";"47.4"
"2149";"2021";"8";" 10-14";"84";"54.1"
"2152";"2021";"8";" 15-19";"98";"66"
"2155";"2021";"8";" 20-24";"158";"78.2"
"2158";"2021";"8";" 25-29";"198";"70.7"
"2161";"2021";"8";" 30-39";"409";"65.3"
"2164";"2021";"8";" 40-49";"376";"81.9"
"2167";"2021";"8";" 50-59";"424";"80.8"
"2170";"2021";"8";" 60-69";"233";"60.2"
"2173";"2021";"8";" 70-79";"158";"50.7"
"2176";"2021";"8";" 80-89";"130";"71.8"
"2179";"2021";"8";" 90+";"31";"103"
"2182";"2021";"8";" unbekannt";"8";"0"
"2185";"2021";"9";" 0-4";"123";"63.7"
"2188";"2021";"9";" 5-9";"129";"75.4"
"2191";"2021";"9";" 10-14";"116";"74.7"
"2194";"2021";"9";" 15-19";"118";"79.5"
"2197";"2021";"9";" 20-24";"169";"83.7"
"2200";"2021";"9";" 25-29";"175";"62.5"
"2203";"2021";"9";" 30-39";"539";"86.1"
"2206";"2021";"9";" 40-49";"380";"82.8"
"2209";"2021";"9";" 50-59";"385";"73.4"
"2212";"2021";"9";" 60-69";"250";"64.6"
"2215";"2021";"9";" 70-79";"153";"49.1"
"2218";"2021";"9";" 80-89";"116";"64"
"2221";"2021";"9";" 90+";"21";"69.8"
"2224";"2021";"9";" unbekannt";"3";"0"
"2227";"2021";"10";" 0-4";"140";"72.5"
"2230";"2021";"10";" 5-9";"144";"84.2"
"2233";"2021";"10";" 10-14";"94";"60.5"
"2236";"2021";"10";" 15-19";"142";"95.7"
"2239";"2021";"10";" 20-24";"201";"99.5"
"2242";"2021";"10";" 25-29";"266";"95"
"2245";"2021";"10";" 30-39";"524";"83.7"
"2248";"2021";"10";" 40-49";"419";"91.3"
"2251";"2021";"10";" 50-59";"415";"79.1"
"2254";"2021";"10";" 60-69";"248";"64.1"
"2257";"2021";"10";" 70-79";"150";"48.2"
"2260";"2021";"10";" 80-89";"103";"56.9"
"2263";"2021";"10";" 90+";"15";"49.8"
"2266";"2021";"10";" unbekannt";"7";"0"
"2269";"2021";"11";" 0-4";"182";"94.2"
"2272";"2021";"11";" 5-9";"185";"108.2"
"2275";"2021";"11";" 10-14";"127";"81.8"
"2278";"2021";"11";" 15-19";"205";"138.1"
"2281";"2021";"11";" 20-24";"267";"132.2"
"2284";"2021";"11";" 25-29";"329";"117.4"
"2287";"2021";"11";" 30-39";"804";"128.5"
"2290";"2021";"11";" 40-49";"594";"129.4"
"2293";"2021";"11";" 50-59";"521";"99.3"
"2296";"2021";"11";" 60-69";"293";"75.7"
"2299";"2021";"11";" 70-79";"177";"56.8"
"2302";"2021";"11";" 80-89";"98";"54.1"
"2305";"2021";"11";" 90+";"14";"46.5"
"2308";"2021";"11";" unbekannt";"6";"0"
"2311";"2021";"12";" 0-4";"336";"173.9"
"2314";"2021";"12";" 5-9";"391";"228.6"
"2317";"2021";"12";" 10-14";"257";"165.5"
"2320";"2021";"12";" 15-19";"297";"200.1"
"2323";"2021";"12";" 20-24";"376";"186.1"
"2326";"2021";"12";" 25-29";"470";"167.8"
"2329";"2021";"12";" 30-39";"1131";"180.7"
"2332";"2021";"12";" 40-49";"790";"172.1"
"2335";"2021";"12";" 50-59";"755";"143.9"
"2338";"2021";"12";" 60-69";"405";"104.7"
"2341";"2021";"12";" 70-79";"192";"61.6"
"2344";"2021";"12";" 80-89";"113";"62.4"
"2347";"2021";"12";" 90+";"15";"49.8"
"2350";"2021";"12";" unbekannt";"14";"0"
"2353";"2021";"13";" 0-4";"270";"139.7"
"2356";"2021";"13";" 5-9";"279";"163.2"
"2359";"2021";"13";" 10-14";"207";"133.3"
"2362";"2021";"13";" 15-19";"224";"150.9"
"2365";"2021";"13";" 20-24";"359";"177.7"
"2368";"2021";"13";" 25-29";"410";"146.4"
"2371";"2021";"13";" 30-39";"1046";"167.1"
"2374";"2021";"13";" 40-49";"707";"154"
"2377";"2021";"13";" 50-59";"713";"135.9"
"2380";"2021";"13";" 60-69";"419";"108.3"
"2383";"2021";"13";" 70-79";"232";"74.5"
"2386";"2021";"13";" 80-89";"91";"50.2"
"2389";"2021";"13";" 90+";"16";"53.2"
"2392";"2021";"13";" unbekannt";"8";"0"
"2395";"2021";"14";" 0-4";"144";"74.5"
"2398";"2021";"14";" 5-9";"162";"94.7"
"2401";"2021";"14";" 10-14";"157";"101.1"
"2404";"2021";"14";" 15-19";"230";"155"
"2407";"2021";"14";" 20-24";"303";"150"
"2410";"2021";"14";" 25-29";"383";"136.7"
"2413";"2021";"14";" 30-39";"907";"144.9"
"2416";"2021";"14";" 40-49";"719";"156.6"
"2419";"2021";"14";" 50-59";"665";"126.7"
"2422";"2021";"14";" 60-69";"395";"102.1"
"2425";"2021";"14";" 70-79";"185";"59.4"
"2428";"2021";"14";" 80-89";"76";"42"
"2431";"2021";"14";" 90+";"25";"83.1"
"2434";"2021";"14";" unbekannt";"13";"0"
"2437";"2021";"15";" 0-4";"232";"120.1"
"2440";"2021";"15";" 5-9";"285";"166.7"
"2443";"2021";"15";" 10-14";"334";"215.1"
"2446";"2021";"15";" 15-19";"398";"268.2"
"2449";"2021";"15";" 20-24";"437";"216.3"
"2452";"2021";"15";" 25-29";"519";"185.3"
"2455";"2021";"15";" 30-39";"1146";"183.1"
"2458";"2021";"15";" 40-49";"857";"186.7"
"2461";"2021";"15";" 50-59";"761";"145"
"2464";"2021";"15";" 60-69";"428";"110.6"
"2467";"2021";"15";" 70-79";"220";"70.6"
"2470";"2021";"15";" 80-89";"79";"43.6"
"2473";"2021";"15";" 90+";"21";"69.8"
"2476";"2021";"15";" unbekannt";"11";"0"
"2479";"2021";"16";" 0-4";"187";"96.8"
"2482";"2021";"16";" 5-9";"350";"204.7"
"2485";"2021";"16";" 10-14";"447";"287.8"
"2488";"2021";"16";" 15-19";"379";"255.4"
"2491";"2021";"16";" 20-24";"394";"195"
"2494";"2021";"16";" 25-29";"423";"151"
"2497";"2021";"16";" 30-39";"970";"155"
"2500";"2021";"16";" 40-49";"737";"160.6"
"2503";"2021";"16";" 50-59";"729";"138.9"
"2506";"2021";"16";" 60-69";"391";"101"
"2509";"2021";"16";" 70-79";"204";"65.5"
"2512";"2021";"16";" 80-89";"71";"39.2"
"2515";"2021";"16";" 90+";"9";"29.9"
"2518";"2021";"16";" unbekannt";"21";"0"
"2521";"2021";"17";" 0-4";"206";"106.6"
"2524";"2021";"17";" 5-9";"324";"189.5"
"2527";"2021";"17";" 10-14";"359";"231.2"
"2530";"2021";"17";" 15-19";"307";"206.9"
"2533";"2021";"17";" 20-24";"369";"182.7"
"2536";"2021";"17";" 25-29";"373";"133.2"
"2539";"2021";"17";" 30-39";"837";"133.7"
"2542";"2021";"17";" 40-49";"651";"141.8"
"2545";"2021";"17";" 50-59";"595";"113.4"
"2548";"2021";"17";" 60-69";"303";"78.3"
"2551";"2021";"17";" 70-79";"140";"44.9"
"2554";"2021";"17";" 80-89";"51";"28.2"
"2557";"2021";"17";" 90+";"12";"39.9"
"2560";"2021";"17";" unbekannt";"5";"0"
"2563";"2021";"18";" 0-4";"162";"83.8"
"2566";"2021";"18";" 5-9";"243";"142.1"
"2569";"2021";"18";" 10-14";"323";"208"
"2572";"2021";"18";" 15-19";"265";"178.6"
"2575";"2021";"18";" 20-24";"291";"144"
"2578";"2021";"18";" 25-29";"352";"125.7"
"2581";"2021";"18";" 30-39";"665";"106.3"
"2584";"2021";"18";" 40-49";"573";"124.8"
"2587";"2021";"18";" 50-59";"468";"89.2"
"2590";"2021";"18";" 60-69";"256";"66.2"
"2593";"2021";"18";" 70-79";"101";"32.4"
"2596";"2021";"18";" 80-89";"40";"22.1"
"2599";"2021";"18";" 90+";"11";"36.6"
"2602";"2021";"18";" unbekannt";"2";"0"
"2605";"2021";"19";" 0-4";"112";"58"
"2608";"2021";"19";" 5-9";"165";"96.5"
"2611";"2021";"19";" 10-14";"192";"123.6"
"2614";"2021";"19";" 15-19";"163";"109.8"
"2617";"2021";"19";" 20-24";"253";"125.2"
"2620";"2021";"19";" 25-29";"213";"76"
"2623";"2021";"19";" 30-39";"503";"80.4"
"2626";"2021";"19";" 40-49";"354";"77.1"
"2629";"2021";"19";" 50-59";"325";"61.9"
"2632";"2021";"19";" 60-69";"150";"38.8"
"2635";"2021";"19";" 70-79";"62";"19.9"
"2638";"2021";"19";" 80-89";"24";"13.2"
"2641";"2021";"19";" 90+";"11";"36.6"
"2644";"2021";"19";" unbekannt";"7";"0"